{"cameraMode":{"drawMode":0,"name":"Shaded","section":"Shading Mode"},"sceneLighting":true,"audioPlay":false,"sceneViewState":{"showFog":false,"showMaterialUpdate":false,"showSkybox":false,"showFlares":false,"showImageEffects":false,"showParticleSystems":false},"in2DMode":false,"pivot":{"x":-17.844955444335939,"y":14.817394256591797,"z":40.54450225830078},"rotation":{"x":-0.060377299785614017,"y":0.6509655117988586,"z":-0.052063826471567157,"w":-0.754909336566925},"size":52.0521125793457,"orthographic":false}